{
  "t": 660,
  "seed": 3584499772,
  "strange_loop_active": 0,
  "meta_awareness": 0.457865575596973,
  "unity_score": 0.5868569781754565,
  "energy": 25.239255451106658,
  "activation": 0.5667203114831322,
  "beliefs": {
    "stability": 0.4124315255395369,
    "adaptation": 0.14361016172256572,
    "prediction": 0.9771676258982477
  },
  "qualia": {
    "arousal": 0.9203987213911001,
    "valence": 0.2907943823133523,
    "entropy": 0.7581396881650976,
    "engagement": 0.8606511323885164,
    "frustration": 0.8165091876199027
  }
}